,Age,Salary
count,47.0,63.0
mean,32.12765957446808,83564.58730158731
std,6.056319090426905,18866.666302643935
min,25.0,52032.0
25%,25.0,66367.0
50%,30.0,84946.0
75%,40.0,95101.5
max,40.0,119764.0
